{
    "accuracy": 0.56,
    "precision": 0.5333333333333333,
    "recall": 0.5106382978723404,
    "auc": 0.6358892011240466
}